<?xml version="1.0" encoding="UTF-8" standalone="no"?>
<Manifest xmlns="http://schemas.tizen.org/2012/12/manifest">
    <Id>TrH2ZNG6N6</Id>
    <Version>2.2.0</Version>
    <Type>C++App</Type>
    <Author>Zaneta Szymanska</Author>
    <Requirements>
        <Feature Name="http://tizen.org/feature/screen.size.normal">true</Feature>
    </Requirements>
    <Apps>
        <ApiVersion>2.2</ApiVersion>
        <Privileges/>
        <UiApp LaunchingHistoryVisible="True" Main="True" MenuIconVisible="True" Name="Box2dTestBed">
            <UiScalability BaseScreenSize="Normal" CoordinateSystem="Logical" LogicalCoordinate="720"/>
            <UiTheme SystemTheme="White"/>
            <DisplayNames>
                <DisplayName Locale="eng-GB">Box2dTestBed</DisplayName>
            </DisplayNames>
            <Icons>
                <Icon Section="MainMenu" Type="Xhigh">mainmenu.png</Icon>
            </Icons>
            <LaunchConditions/>
        </UiApp>
    </Apps>
</Manifest>
